CREATE DATABASE  IF NOT EXISTS `chocolate_sales` /*!40100 DEFAULT CHARACTER SET utf8mb4 COLLATE utf8mb4_0900_ai_ci */ /*!80016 DEFAULT ENCRYPTION='N' */;
USE `chocolate_sales`;
-- MySQL dump 10.13  Distrib 8.0.31, for Win64 (x86_64)
--
-- Host: 127.0.0.1    Database: chocolate_sales
-- ------------------------------------------------------
-- Server version	8.0.31

/*!40101 SET @OLD_CHARACTER_SET_CLIENT=@@CHARACTER_SET_CLIENT */;
/*!40101 SET @OLD_CHARACTER_SET_RESULTS=@@CHARACTER_SET_RESULTS */;
/*!40101 SET @OLD_COLLATION_CONNECTION=@@COLLATION_CONNECTION */;
/*!50503 SET NAMES utf8 */;
/*!40103 SET @OLD_TIME_ZONE=@@TIME_ZONE */;
/*!40103 SET TIME_ZONE='+00:00' */;
/*!40014 SET @OLD_UNIQUE_CHECKS=@@UNIQUE_CHECKS, UNIQUE_CHECKS=0 */;
/*!40014 SET @OLD_FOREIGN_KEY_CHECKS=@@FOREIGN_KEY_CHECKS, FOREIGN_KEY_CHECKS=0 */;
/*!40101 SET @OLD_SQL_MODE=@@SQL_MODE, SQL_MODE='NO_AUTO_VALUE_ON_ZERO' */;
/*!40111 SET @OLD_SQL_NOTES=@@SQL_NOTES, SQL_NOTES=0 */;

--
-- Table structure for table `customer_dimension`
--

DROP TABLE IF EXISTS `customer_dimension`;
/*!40101 SET @saved_cs_client     = @@character_set_client */;
/*!50503 SET character_set_client = utf8mb4 */;
CREATE TABLE `customer_dimension` (
  `Customer_ID` int DEFAULT NULL,
  `Customer_Name` text,
  `DOB` text,
  `Gender` text,
  `Location` text,
  `Loyalty_Status` text
) ENGINE=InnoDB DEFAULT CHARSET=utf8mb4 COLLATE=utf8mb4_0900_ai_ci;
/*!40101 SET character_set_client = @saved_cs_client */;

--
-- Dumping data for table `customer_dimension`
--

LOCK TABLES `customer_dimension` WRITE;
/*!40000 ALTER TABLE `customer_dimension` DISABLE KEYS */;
INSERT INTO `customer_dimension` VALUES (1,'QFV','9-Nov-90','M','Dallas','Bronze'),(2,'XNI','9-Nov-73','F','Chicago','Gold'),(3,'VBN','11-Jan-75','M','Boston','Platinum'),(4,'AMR','26-Jun-85','M','Seattle','Platinum'),(5,'DWV','27-Dec-92','F','Houston','Gold'),(6,'YVG','16-Aug-84','F','Seattle','Platinum'),(7,'FOY','29-Mar-92','F','Miami','Silver'),(8,'ULQ','10-Jan-99','M','San Francisco','Silver'),(9,'YPJ','24-Aug-70','F','Denver','Gold'),(10,'CYC','5-Jan-85','F','Chicago','Gold'),(11,'DSA','5-Mar-92','M','San Francisco','Gold'),(12,'WRY','26-Nov-83','F','San Francisco','Silver'),(13,'ECD','13-Jul-90','M','Los Angeles','Platinum'),(14,'XOD','11-Sep-85','M','San Francisco','Bronze'),(15,'ZRH','5-Apr-80','M','Boston','Gold'),(16,'JMD','4-Feb-87','M','Houston','Gold'),(17,'WDA','6-Apr-84','F','Boston','Gold'),(18,'FRF','15-May-81','M','Seattle','Gold'),(19,'VWV','27-Oct-77','M','Miami','Platinum'),(20,'FLB','15-Oct-90','M','New York','Bronze'),(21,'TDX','23-Apr-95','M','Los Angeles','Gold'),(22,'TLA','4-Feb-83','M','Seattle','Platinum'),(23,'ZBB','19-Apr-90','F','New York','Platinum'),(24,'ZKF','15-Aug-92','M','San Francisco','Platinum'),(25,'TNW','8-Aug-89','M','Houston','Bronze'),(26,'TNJ','17-Mar-79','M','Chicago','Platinum'),(27,'XYT','20-Nov-97','F','Seattle','Silver'),(28,'KKA','30-Oct-78','M','Seattle','Silver'),(29,'AXW','20-Sep-74','M','Chicago','Platinum'),(30,'FHX','5-Jan-92','F','New York','Gold'),(31,'GHJ','14-Sep-97','F','New York','Gold'),(32,'QCB','7-Mar-93','F','Denver','Gold'),(33,'FBT','28-Apr-94','F','Houston','Bronze'),(34,'NER','16-Apr-74','M','Los Angeles','Platinum'),(35,'VIE','30-Oct-99','M','Houston','Platinum'),(36,'LGC','29-Oct-72','M','Chicago','Silver'),(37,'GWF','2-Jan-87','F','New York','Platinum'),(38,'ZCK','23-Jan-72','F','Houston','Platinum'),(39,'UJI','5-Dec-83','M','Boston','Bronze'),(40,'CLU','31-Jan-90','M','Seattle','Platinum'),(41,'KNW','25-Jun-78','M','Denver','Silver'),(42,'XDS','22-Nov-87','F','Boston','Bronze'),(43,'JST','22-Dec-77','M','Los Angeles','Silver'),(44,'XVG','19-Jun-72','M','San Francisco','Bronze'),(45,'DBE','27-Nov-80','F','Los Angeles','Silver'),(46,'QJH','19-Sep-77','F','Dallas','Gold'),(47,'LHD','23-May-84','F','Seattle','Bronze'),(48,'RCM','11-Apr-71','M','Chicago','Platinum'),(49,'VHR','21-Sep-84','F','San Francisco','Gold'),(50,'PXE','22-May-71','M','New York','Silver'),(51,'UZG','24-Sep-75','F','Dallas','Platinum'),(52,'XDH','27-Dec-94','F','Dallas','Platinum'),(53,'MMN','31-Dec-86','M','Miami','Platinum'),(54,'VZH','29-Apr-70','F','Houston','Bronze'),(55,'VMY','8-Dec-79','M','Los Angeles','Bronze'),(56,'OTO','24-Feb-79','F','Miami','Bronze'),(57,'UJM','2-May-90','F','New York','Platinum'),(58,'MEQ','8-Oct-00','M','Miami','Bronze'),(59,'WNM','6-Jan-74','M','Dallas','Platinum'),(60,'QXD','5-Oct-74','F','Dallas','Platinum'),(61,'OCV','23-Dec-73','M','New York','Silver'),(62,'BFF','4-Sep-97','M','Boston','Silver'),(63,'TXO','22-Mar-73','F','Boston','Bronze'),(64,'VES','6-Nov-71','M','San Francisco','Silver'),(65,'OJE','25-Mar-79','F','Boston','Gold'),(66,'YRQ','29-Jun-72','F','New York','Silver'),(67,'TEB','10-Sep-72','F','Los Angeles','Gold'),(68,'XRJ','13-Jun-80','F','Houston','Gold'),(69,'WBN','6-Feb-74','F','Chicago','Bronze'),(70,'CBH','20-Jul-88','F','Seattle','Silver'),(71,'AAT','16-Feb-75','M','Seattle','Platinum'),(72,'GWA','16-Jul-89','F','San Francisco','Gold'),(73,'MYV','16-Jul-82','F','Chicago','Gold'),(74,'WZO','7-Dec-86','M','Dallas','Bronze'),(75,'QWP','2-Dec-91','F','New York','Silver'),(76,'HXD','11-Mar-93','F','Miami','Platinum'),(77,'GNU','15-Jun-93','M','San Francisco','Silver'),(78,'PFM','2-Jun-81','F','New York','Platinum'),(79,'LNG','26-Apr-00','M','Houston','Gold'),(80,'GVL','13-Jul-91','M','Boston','Bronze'),(81,'VOW','5-Aug-90','M','Chicago','Gold'),(82,'ZQT','26-Mar-95','M','Denver','Gold'),(83,'IPM','30-Jul-79','F','Boston','Platinum'),(84,'IPA','18-Sep-73','M','Seattle','Gold'),(85,'PYW','4-Dec-97','F','Seattle','Silver'),(86,'WET','27-Jul-72','M','Boston','Silver'),(87,'HJI','4-Nov-95','M','Miami','Silver'),(88,'XFY','4-Mar-82','F','San Francisco','Bronze'),(89,'TGI','5-Apr-76','M','Los Angeles','Platinum'),(90,'SKI','21-Feb-90','F','Los Angeles','Platinum'),(91,'FEE','21-Jun-82','M','Miami','Bronze'),(92,'VBW','30-Jan-97','F','Seattle','Silver'),(93,'RJA','31-Jan-00','M','Los Angeles','Platinum'),(94,'YTV','15-Jun-98','M','New York','Gold'),(95,'BHE','2-Apr-78','F','Seattle','Platinum'),(96,'NXE','28-Jan-71','M','Denver','Platinum'),(97,'SAI','18-Jan-81','F','San Francisco','Silver'),(98,'LAX','24-Jan-94','M','New York','Bronze'),(99,'COI','7-Apr-00','F','Boston','Silver'),(100,'AML','13-Sep-73','M','Houston','Platinum');
/*!40000 ALTER TABLE `customer_dimension` ENABLE KEYS */;
UNLOCK TABLES;

--
-- Table structure for table `location_dimension`
--

DROP TABLE IF EXISTS `location_dimension`;
/*!40101 SET @saved_cs_client     = @@character_set_client */;
/*!50503 SET character_set_client = utf8mb4 */;
CREATE TABLE `location_dimension` (
  `Location_ID` int DEFAULT NULL,
  `City` text,
  `Country` text
) ENGINE=InnoDB DEFAULT CHARSET=utf8mb4 COLLATE=utf8mb4_0900_ai_ci;
/*!40101 SET character_set_client = @saved_cs_client */;

--
-- Dumping data for table `location_dimension`
--

LOCK TABLES `location_dimension` WRITE;
/*!40000 ALTER TABLE `location_dimension` DISABLE KEYS */;
INSERT INTO `location_dimension` VALUES (1,'Boston','USA'),(2,'Chicago','USA'),(3,'Dallas','USA'),(4,'Denver','USA'),(5,'Houston','USA'),(6,'Los Angeles','USA'),(7,'Miami','USA'),(8,'New York','USA'),(9,'San Francisco','USA'),(10,'Seattle','USA');
/*!40000 ALTER TABLE `location_dimension` ENABLE KEYS */;
UNLOCK TABLES;

--
-- Table structure for table `product_dimension`
--

DROP TABLE IF EXISTS `product_dimension`;
/*!40101 SET @saved_cs_client     = @@character_set_client */;
/*!50503 SET character_set_client = utf8mb4 */;
CREATE TABLE `product_dimension` (
  `Product_ID` int DEFAULT NULL,
  `Product_Name` text,
  `Chocolate_Type` text,
  `Cocoa_Content` int DEFAULT NULL,
  `Brand` text,
  `Origin_Region` text,
  `Cost` int DEFAULT NULL
) ENGINE=InnoDB DEFAULT CHARSET=utf8mb4 COLLATE=utf8mb4_0900_ai_ci;
/*!40101 SET character_set_client = @saved_cs_client */;

--
-- Dumping data for table `product_dimension`
--

LOCK TABLES `product_dimension` WRITE;
/*!40000 ALTER TABLE `product_dimension` DISABLE KEYS */;
INSERT INTO `product_dimension` VALUES (94,'XEZ-Chocolate','Dark Chocolate',90,'Luxurious and Sweetest Chocolates','Central America',114),(80,'KUI-Chocolate','Dark Chocolate',89,'Luxurious and Sweetest Chocolates','Asia',101),(19,'VCQ-Chocolate','Dark Chocolate',89,'Luxurious and Sweetest Chocolates','Asia',49),(87,'UDI-Chocolate','Dark Chocolate',89,'Craftest Chocolate','Asia',19),(25,'ZTQ-Chocolate','Dark Chocolate',88,'Sweetest Chocolate','South America',114),(4,'NIR-Chocolate','Dark Chocolate',88,'Sweetest Chocolate','Caribbean',90),(21,'IKU-Chocolate','Dark Chocolate',88,'Sweetest Chocolate','Central America',176),(49,'IBS-Chocolate','Dark Chocolate',88,'Craftest Chocolate','Asia',59),(38,'NDN-Chocolate','Dark Chocolate',88,'Master in Chocolate ','Caribbean',166),(43,'IGT-Chocolate','Dark Chocolate',87,'Luxurious and Sweetest Chocolates','South America',81),(34,'BVK-Chocolate','Dark Chocolate',86,'Chocolate is Divine','Africa',142),(28,'XNZ-Chocolate','Dark Chocolate',85,'Master in Chocolate ','Caribbean',149),(76,'IFV-Chocolate','Dark Chocolate',84,'Luxurious and Sweetest Chocolates','Central America',71),(56,'PEA-Chocolate','Dark Chocolate',84,'Chocolate is Divine','Asia',195),(5,'BVM-Chocolate','Dark Chocolate',83,'Master in Chocolate ','Central America',168),(20,'XSK-Chocolate','Dark Chocolate',83,'Luxurious and Sweetest Chocolates','Caribbean',50),(32,'YNV-Chocolate','Dark Chocolate',83,'Chocolate is Divine','Central America',168),(83,'VHQ-Chocolate','Dark Chocolate',82,'Luxurious and Sweetest Chocolates','Asia',37),(91,'KIS-Chocolate','Dark Chocolate',81,'Craftest Chocolate','Caribbean',22),(53,'LLM-Chocolate','Dark Chocolate',80,'Sweetest Chocolate','South America',57),(12,'SOS-Chocolate','Dark Chocolate',78,'Luxurious and Sweetest Chocolates','Caribbean',150),(81,'ELS-Chocolate','Dark Chocolate',78,'Master in Chocolate ','Caribbean',53),(54,'KAN-Chocolate','Dark Chocolate',77,'Sweetest Chocolate','Central America',193),(55,'OCC-Chocolate','Dark Chocolate',76,'Luxurious and Sweetest Chocolates','Caribbean',138),(52,'RRZ-Chocolate','Dark Chocolate',75,'Chocolate is Divine','Caribbean',77),(31,'YFB-Chocolate','Dark Chocolate',74,'Luxurious and Sweetest Chocolates','Africa',94),(59,'EJS-Chocolate','Dark Chocolate',74,'Master in Chocolate ','Central America',51),(46,'MWS-Chocolate','Dark Chocolate',74,'Luxurious and Sweetest Chocolates','Africa',176),(36,'JWV-Chocolate','Dark Chocolate',74,'Sweetest Chocolate','Asia',137),(44,'MDB-Chocolate','Dark Chocolate',73,'Master in Chocolate ','Africa',28),(3,'GTJ-Chocolate','Dark Chocolate',71,'Master in Chocolate ','Asia',43),(14,'LST-Chocolate','Dark Chocolate',71,'Craftest Chocolate','Caribbean',149),(47,'RTW-Chocolate','Dark Chocolate',69,'Craftest Chocolate','Asia',111),(99,'OSP-Chocolate','Dark Chocolate',67,'Craftest Chocolate','Africa',160),(24,'HBW-Chocolate','Dark Chocolate',66,'Sweetest Chocolate','Central America',199),(33,'ZJR-Chocolate','Dark Chocolate',66,'Master in Chocolate ','Caribbean',122),(66,'RNL-Chocolate','Dark Chocolate',65,'Chocolate is Divine','Africa',72),(41,'WPH-Chocolate','Dark Chocolate',65,'Craftest Chocolate','Africa',26),(6,'IHV-Chocolate','Dark Chocolate',64,'Luxurious and Sweetest Chocolates','Caribbean',55),(39,'PCZ-Chocolate','Dark Chocolate',64,'Chocolate is Divine','Central America',148),(96,'EYV-Chocolate','Dark Chocolate',64,'Craftest Chocolate','Asia',178),(50,'GSW-Chocolate','Dark Chocolate',64,'Chocolate is Divine','Caribbean',161),(75,'XCC-Chocolate','Dark Chocolate',61,'Sweetest Chocolate','Africa',51),(1,'PHO-Chocolate','Dark Chocolate',60,'Chocolate is Divine','Central America',32),(95,'TVU-Chocolate','Dark Chocolate',60,'Craftest Chocolate','Africa',142),(58,'VLQ-Chocolate','Dark Chocolate',59,'Luxurious and Sweetest Chocolates','South America',97),(11,'JLA-Chocolate','Dark Chocolate',59,'Craftest Chocolate','Asia',55),(10,'SEI-Chocolate','Dark Chocolate',58,'Chocolate is Divine','Central America',53),(23,'SDP-Chocolate','Dark Chocolate',58,'Sweetest Chocolate','Caribbean',37),(61,'RDJ-Chocolate','Dark Chocolate',58,'Chocolate is Divine','Central America',123),(35,'YKG-Chocolate','Dark Chocolate',57,'Sweetest Chocolate','Caribbean',142),(64,'LEX-Chocolate','Dark Chocolate',57,'Craftest Chocolate','Asia',178),(27,'QFO-Chocolate','Dark Chocolate',56,'Sweetest Chocolate','Caribbean',86),(93,'TSS-Chocolate','Dark Chocolate',56,'Sweetest Chocolate','South America',95),(70,'SMM-Chocolate','Dark Chocolate',55,'Chocolate is Divine','Asia',197),(77,'TPZ-Chocolate','Dark Chocolate',55,'Chocolate is Divine','South America',31),(98,'BHV-Chocolate','Dark Chocolate',54,'Craftest Chocolate','Caribbean',62),(67,'IQH-Chocolate','Dark Chocolate',53,'Craftest Chocolate','Caribbean',18),(13,'QKK-Chocolate','Dark Chocolate',53,'Craftest Chocolate','South America',146),(22,'RQL-Chocolate','Dark Chocolate',52,'Sweetest Chocolate','Caribbean',15),(42,'FTF-Chocolate','Dark Chocolate',52,'Chocolate is Divine','South America',153),(65,'CYE-Chocolate','Dark Chocolate',51,'Craftest Chocolate','Central America',121),(51,'QWV-Chocolate','Dark Chocolate',50,'Craftest Chocolate','Africa',139),(69,'CEH-Chocolate','Dark Chocolate',50,'Luxurious and Sweetest Chocolates','Africa',115),(88,'EMH-Chocolate','Dark Chocolate',50,'Chocolate is Divine','South America',199),(15,'HTT-Chocolate','Dark Chocolate',49,'Luxurious and Sweetest Chocolates','Central America',144),(78,'SNC-Chocolate','Dark Chocolate',49,'Chocolate is Divine','South America',34),(40,'LJF-Chocolate','White Chocolate',48,'Luxurious and Sweetest Chocolates','Asia',47),(84,'GFV-Chocolate','White Chocolate',47,'Sweetest Chocolate','South America',175),(9,'ZJG-Chocolate','White Chocolate',46,'Sweetest Chocolate','Africa',22),(7,'NUD-Chocolate','White Chocolate',46,'Master in Chocolate ','Central America',42),(68,'CUJ-Chocolate','White Chocolate',45,'Sweetest Chocolate','Caribbean',167),(29,'OHW-Chocolate','White Chocolate',45,'Chocolate is Divine','Central America',98),(2,'EOJ-Chocolate','White Chocolate',44,'Chocolate is Divine','Central America',46),(100,'VEX-Chocolate','White Chocolate',44,'Sweetest Chocolate','South America',128),(73,'LOY-Chocolate','White Chocolate',44,'Sweetest Chocolate','Central America',72),(17,'OKM-Chocolate','White Chocolate',43,'Sweetest Chocolate','South America',153),(57,'WDH-Chocolate','White Chocolate',43,'Craftest Chocolate','Caribbean',82),(82,'OLE-Chocolate','White Chocolate',43,'Chocolate is Divine','Asia',80),(26,'MPL-Chocolate','White Chocolate',42,'Chocolate is Divine','Caribbean',144),(30,'TZY-Chocolate','White Chocolate',42,'Craftest Chocolate','South America',150),(8,'JRD-Chocolate','White Chocolate',41,'Craftest Chocolate','Central America',142),(72,'YZW-Chocolate','White Chocolate',41,'Craftest Chocolate','Central America',34),(85,'ZYM-Chocolate','White Chocolate',41,'Master in Chocolate ','Africa',183),(16,'IIM-Chocolate','Milk Chocolate',40,'Master in Chocolate ','Africa',64),(92,'VOS-Chocolate','Milk Chocolate',40,'Luxurious and Sweetest Chocolates','Caribbean',66),(79,'KCY-Chocolate','Milk Chocolate',40,'Chocolate is Divine','South America',160),(18,'EOD-Chocolate','Milk Chocolate',38,'Craftest Chocolate','South America',154),(37,'QWB-Chocolate','Milk Chocolate',37,'Luxurious and Sweetest Chocolates','Asia',171),(48,'YGL-Chocolate','Milk Chocolate',36,'Craftest Chocolate','South America',29),(86,'XTK-Chocolate','Milk Chocolate',35,'Craftest Chocolate','Central America',194),(90,'NHW-Chocolate','Milk Chocolate',35,'Craftest Chocolate','Central America',53),(97,'BJI-Chocolate','Milk Chocolate',34,'Craftest Chocolate','Africa',121),(74,'OQG-Chocolate','Milk Chocolate',32,'Master in Chocolate ','Caribbean',191),(71,'BIS-Chocolate','Milk Chocolate',32,'Sweetest Chocolate','Asia',92),(45,'PWT-Chocolate','Milk Chocolate',32,'Master in Chocolate ','South America',146),(62,'EHP-Chocolate','Milk Chocolate',31,'Luxurious and Sweetest Chocolates','Central America',133),(63,'RHY-Chocolate','Milk Chocolate',30,'Craftest Chocolate','Africa',145),(89,'FAW-Chocolate','Milk Chocolate',30,'Luxurious and Sweetest Chocolates','Caribbean',76),(60,'XUL-Chocolate','Milk Chocolate',30,'Master in Chocolate ','Caribbean',115);
/*!40000 ALTER TABLE `product_dimension` ENABLE KEYS */;
UNLOCK TABLES;

--
-- Table structure for table `sales_fact_table`
--

DROP TABLE IF EXISTS `sales_fact_table`;
/*!40101 SET @saved_cs_client     = @@character_set_client */;
/*!50503 SET character_set_client = utf8mb4 */;
CREATE TABLE `sales_fact_table` (
  `Date` text,
  `location_id` int DEFAULT NULL,
  `Product_ID` int DEFAULT NULL,
  `Customer_ID` int DEFAULT NULL,
  `Quantity_Sold` int DEFAULT NULL
) ENGINE=InnoDB DEFAULT CHARSET=utf8mb4 COLLATE=utf8mb4_0900_ai_ci;
/*!40101 SET character_set_client = @saved_cs_client */;

--
-- Dumping data for table `sales_fact_table`
--

LOCK TABLES `sales_fact_table` WRITE;
/*!40000 ALTER TABLE `sales_fact_table` DISABLE KEYS */;
INSERT INTO `sales_fact_table` VALUES ('12/31/2021',4,66,69,141),('12/31/2021',6,18,20,192),('12/31/2021',4,93,76,148),('12/31/2021',8,50,91,139),('12/31/2021',2,71,72,80),('12/31/2021',5,13,11,156),('12/31/2021',10,2,73,177),('12/30/2021',9,46,66,194),('12/30/2021',2,64,26,157),('12/30/2021',10,76,16,198),('12/30/2021',2,18,29,167),('12/30/2021',1,6,42,190),('12/30/2021',9,33,100,98),('12/30/2021',4,15,95,172),('12/30/2021',2,94,28,81),('12/30/2021',2,18,54,144),('12/29/2021',7,22,90,194),('12/29/2021',6,85,30,83),('12/29/2021',6,16,12,114),('12/29/2021',3,91,27,116),('12/29/2021',4,53,57,143),('12/29/2021',9,73,9,117),('12/28/2021',3,32,2,106),('12/28/2021',3,98,46,192),('12/28/2021',9,91,32,189),('12/28/2021',4,27,57,120),('12/28/2021',4,89,1,98),('12/28/2021',8,40,41,190),('12/28/2021',7,19,86,192),('12/28/2021',5,76,46,125),('12/27/2021',4,7,56,128),('12/27/2021',3,80,11,169),('12/26/2021',9,19,24,148),('12/26/2021',4,4,54,85),('12/26/2021',8,13,27,98),('12/26/2021',1,12,18,165),('12/26/2021',4,29,32,159),('12/26/2021',1,19,68,139),('12/26/2021',7,63,100,102),('12/26/2021',9,36,20,123),('12/25/2021',4,1,61,197),('12/25/2021',9,23,32,129),('12/25/2021',6,22,81,142),('12/25/2021',1,33,84,100),('12/25/2021',3,13,48,80),('12/24/2021',6,94,73,83),('12/24/2021',6,25,65,190),('12/24/2021',3,36,42,157),('12/24/2021',4,78,73,162),('12/24/2021',6,17,18,102),('12/24/2021',5,39,96,84),('12/24/2021',2,81,51,121),('12/24/2021',9,94,18,169),('12/24/2021',1,11,20,162),('12/24/2021',6,9,18,100),('12/24/2021',8,77,56,162),('12/24/2021',5,28,40,95),('12/24/2021',6,24,79,94),('12/24/2021',3,63,54,159),('12/24/2021',8,63,52,130),('12/24/2021',10,16,32,153),('12/23/2021',2,77,7,196),('12/23/2021',7,51,95,103),('12/23/2021',4,86,35,116),('12/23/2021',10,55,9,129),('12/23/2021',4,12,49,93),('12/23/2021',3,88,13,157),('12/23/2021',9,51,81,94),('12/23/2021',3,43,56,187),('12/23/2021',6,8,81,111),('12/23/2021',5,28,32,149),('12/22/2021',9,100,98,189),('12/22/2021',4,100,10,190),('12/22/2021',9,61,78,165),('12/22/2021',4,28,65,145),('12/22/2021',7,6,61,148),('12/22/2021',2,60,36,135),('12/22/2021',7,37,95,184),('12/22/2021',7,12,71,147),('12/22/2021',5,98,55,97),('12/22/2021',9,15,93,109),('12/22/2021',6,39,93,104),('12/22/2021',2,77,12,115),('12/22/2021',3,63,9,151),('12/22/2021',6,65,36,169),('12/22/2021',2,96,39,184),('12/21/2021',1,15,44,142),('12/21/2021',7,100,19,160),('12/21/2021',4,80,78,97),('12/21/2021',7,92,36,120),('12/21/2021',7,73,12,105),('12/21/2021',9,18,83,103),('12/21/2021',6,84,96,145),('12/21/2021',7,15,4,152),('12/21/2021',3,34,94,155),('12/21/2021',1,58,73,128),('12/21/2021',10,15,94,195),('12/21/2021',4,100,5,82),('12/21/2021',10,92,49,108),('12/21/2021',7,33,23,142),('12/21/2021',4,45,67,147),('12/21/2021',4,37,6,124),('12/20/2021',5,60,52,95),('12/20/2021',8,73,36,167),('12/20/2021',2,47,16,120),('12/20/2021',2,13,75,196),('12/20/2021',2,46,61,193),('12/20/2021',7,22,22,175),('12/20/2021',4,84,20,91),('12/19/2021',1,49,50,114),('12/19/2021',4,76,96,154),('12/19/2021',10,96,87,173),('12/19/2021',2,90,53,134),('12/19/2021',3,32,75,154),('12/18/2021',8,33,83,106),('12/18/2021',9,25,69,87),('12/18/2021',3,19,54,82),('12/18/2021',4,56,4,185),('12/18/2021',3,79,35,153),('12/18/2021',6,28,83,126),('12/17/2021',1,73,54,174),('12/17/2021',4,92,77,142),('12/17/2021',9,7,77,102),('12/17/2021',3,4,88,107),('12/17/2021',3,29,18,113),('12/17/2021',6,96,15,135),('12/16/2021',2,7,38,82),('12/16/2021',8,99,40,130),('12/16/2021',4,6,41,123),('12/16/2021',8,32,17,172),('12/16/2021',5,73,57,165),('12/15/2021',10,46,50,140),('12/15/2021',6,88,63,118),('12/15/2021',8,89,100,160),('12/15/2021',7,16,59,175),('12/15/2021',9,30,80,179),('12/15/2021',2,96,40,140),('12/15/2021',3,75,16,118),('12/14/2021',1,82,93,156),('12/14/2021',5,52,63,158),('12/14/2021',4,67,57,156),('12/14/2021',10,34,24,115),('12/14/2021',1,3,58,96),('12/14/2021',8,28,4,84),('12/14/2021',4,11,87,134),('12/13/2021',4,70,58,119),('12/13/2021',10,30,85,113),('12/13/2021',10,100,32,93),('12/13/2021',4,92,28,172),('12/13/2021',7,50,20,149),('12/13/2021',6,92,69,179),('12/13/2021',4,14,85,112),('12/13/2021',5,27,20,104),('12/13/2021',6,4,31,180),('12/13/2021',10,9,38,194),('12/12/2021',7,5,27,87),('12/12/2021',9,56,61,131),('12/12/2021',7,82,92,175),('12/11/2021',5,73,13,123),('12/11/2021',10,50,64,148),('12/11/2021',7,69,35,90),('12/11/2021',8,13,18,111),('12/11/2021',2,83,66,147),('12/10/2021',10,5,95,144),('12/10/2021',5,66,20,97),('12/10/2021',1,75,58,119),('12/9/2021',4,67,76,88),('12/9/2021',10,77,51,113),('12/9/2021',5,17,64,135),('12/9/2021',1,6,95,190),('12/9/2021',4,71,42,122),('12/9/2021',5,44,31,188),('12/9/2021',9,41,43,131),('12/9/2021',2,44,35,180),('12/9/2021',8,49,67,93),('12/9/2021',8,39,33,163),('12/8/2021',7,67,69,197),('12/8/2021',4,68,11,132),('12/8/2021',9,100,51,144),('12/8/2021',9,80,1,163),('12/8/2021',9,78,58,165),('12/8/2021',7,33,60,111),('12/8/2021',10,24,51,115),('12/7/2021',6,50,37,189),('12/7/2021',5,26,60,92),('12/7/2021',10,88,62,181),('12/7/2021',7,10,61,83),('12/7/2021',8,47,95,175),('12/7/2021',4,82,99,198),('12/7/2021',4,77,44,170),('12/6/2021',3,40,5,120),('12/6/2021',1,33,1,188),('12/6/2021',9,67,86,180),('12/6/2021',5,20,79,172),('12/5/2021',1,34,93,135),('12/5/2021',8,37,62,145),('12/5/2021',10,73,63,156),('12/5/2021',8,32,60,183),('12/5/2021',1,55,77,106),('12/4/2021',4,60,5,119),('12/4/2021',9,40,38,181),('12/4/2021',4,52,28,103),('12/4/2021',5,45,19,183),('12/4/2021',9,71,50,82),('12/4/2021',8,14,31,195),('12/3/2021',2,58,40,152),('12/3/2021',8,34,65,101),('12/3/2021',7,58,44,165),('12/3/2021',7,28,84,191),('12/3/2021',10,90,57,168),('12/3/2021',2,18,12,110),('12/3/2021',10,49,90,193),('12/2/2021',2,1,2,135),('12/2/2021',4,41,26,168),('12/2/2021',4,98,80,144),('12/2/2021',4,58,27,194),('12/2/2021',8,23,89,119),('12/2/2021',10,31,51,176),('12/2/2021',3,75,42,102),('12/1/2021',10,59,20,160),('12/1/2021',8,100,48,190),('12/1/2021',9,66,23,94),('12/1/2021',8,50,48,164),('12/1/2021',10,75,95,172),('12/1/2021',9,98,38,131),('11/30/2021',8,54,3,173),('11/30/2021',4,48,21,101),('11/30/2021',4,61,45,126),('11/29/2021',6,75,75,159),('11/28/2021',4,46,12,196),('11/28/2021',8,40,74,194),('11/28/2021',7,63,47,189),('11/28/2021',2,25,64,142),('11/28/2021',5,37,67,109),('11/27/2021',8,37,88,173),('11/27/2021',4,93,34,131),('11/27/2021',5,7,40,101),('11/27/2021',1,62,11,105),('11/27/2021',8,54,46,181),('11/27/2021',9,74,75,159),('11/25/2021',6,68,25,192),('11/25/2021',3,63,94,138),('11/25/2021',5,87,93,190),('11/25/2021',5,22,41,124),('11/24/2021',6,78,82,163),('11/24/2021',8,76,55,107),('11/24/2021',9,59,81,148),('11/23/2021',6,69,23,126),('11/23/2021',4,1,32,172),('11/23/2021',6,87,55,123),('11/23/2021',9,12,41,127),('11/22/2021',4,51,17,51),('11/22/2021',1,15,17,63),('11/20/2021',3,23,63,67),('11/20/2021',6,3,34,46),('11/19/2021',10,42,88,66),('11/19/2021',1,33,49,69),('11/18/2021',1,86,57,55),('11/17/2021',1,47,69,74),('11/17/2021',4,84,96,49),('11/17/2021',4,80,67,63),('11/17/2021',7,43,52,70),('11/16/2021',8,38,22,60),('11/16/2021',2,40,82,74),('11/15/2021',7,38,75,58),('11/14/2021',4,91,50,79),('11/13/2021',2,16,37,63),('11/12/2021',7,45,99,72),('11/12/2021',4,73,47,50),('11/12/2021',1,43,23,72),('11/12/2021',8,86,78,60),('11/12/2021',9,72,23,41),('11/12/2021',4,62,32,79),('11/12/2021',8,88,40,46),('11/11/2021',3,47,25,55),('11/11/2021',4,4,32,48),('11/11/2021',9,5,41,62),('11/10/2021',10,12,83,56),('11/10/2021',8,42,29,41),('11/10/2021',6,96,75,63),('11/10/2021',1,98,55,73),('11/10/2021',5,51,90,76),('11/9/2021',5,52,78,49),('11/9/2021',2,41,88,73),('11/9/2021',1,92,94,51),('11/9/2021',10,93,97,45),('11/8/2021',8,43,83,72),('11/7/2021',9,29,51,66),('11/6/2021',8,12,64,65),('11/6/2021',6,5,31,59),('11/6/2021',2,61,15,40),('11/6/2021',8,44,47,50),('11/6/2021',9,65,8,50),('11/6/2021',2,66,73,76),('11/5/2021',6,73,8,50),('11/5/2021',9,16,38,43),('11/4/2021',7,22,3,42),('11/4/2021',4,46,36,69),('11/4/2021',2,37,45,45),('11/3/2021',8,6,55,67),('11/3/2021',5,93,26,74),('11/3/2021',5,74,39,44),('11/2/2021',8,39,50,65),('11/2/2021',7,42,42,63),('11/2/2021',6,32,48,48),('11/2/2021',9,43,77,45),('11/1/2021',9,82,44,43),('10/31/2021',7,74,80,80),('10/31/2021',3,24,80,61),('10/31/2021',4,92,68,64),('10/31/2021',6,41,3,54),('10/30/2021',8,65,66,66),('10/29/2021',3,83,79,55),('10/29/2021',5,46,70,59),('10/29/2021',7,27,41,72),('10/28/2021',2,78,90,53),('10/28/2021',7,30,54,55),('10/27/2021',7,100,95,77),('10/26/2021',10,1,22,75),('10/26/2021',1,46,23,44),('10/25/2021',6,12,44,51),('10/25/2021',2,3,39,57),('10/25/2021',5,5,6,51),('10/25/2021',1,51,24,57),('10/23/2021',7,29,2,59),('10/23/2021',5,4,55,48),('10/23/2021',5,24,26,55),('10/22/2021',6,79,71,52),('10/22/2021',3,84,87,77),('10/21/2021',8,2,98,54),('10/21/2021',3,2,88,58),('10/21/2021',3,21,25,67),('10/20/2021',3,14,99,65),('10/20/2021',9,11,27,66),('10/20/2021',9,20,32,53),('10/19/2021',3,6,1,51),('10/19/2021',10,23,18,50),('10/19/2021',7,82,28,73),('10/19/2021',6,15,99,66),('10/19/2021',2,94,77,49),('10/19/2021',2,30,34,55),('10/19/2021',4,85,89,72),('10/19/2021',7,32,18,57),('10/18/2021',2,4,4,60),('10/17/2021',8,99,49,67),('10/17/2021',1,39,29,78),('10/17/2021',9,84,60,46),('10/17/2021',7,2,71,65),('10/17/2021',1,74,6,50),('10/16/2021',10,36,68,53),('10/15/2021',1,18,1,59),('10/15/2021',9,49,94,45),('10/15/2021',7,3,25,44),('10/13/2021',6,91,66,78),('10/13/2021',10,8,19,68),('10/12/2021',10,53,75,55),('10/12/2021',1,5,17,79),('10/12/2021',4,80,93,61),('10/12/2021',8,21,21,44),('10/12/2021',6,33,89,70),('10/11/2021',1,68,83,80),('10/10/2021',7,10,6,78),('10/10/2021',10,85,33,62),('10/10/2021',5,28,21,76),('10/9/2021',4,4,10,42),('10/8/2021',8,57,49,79),('10/8/2021',7,64,50,44),('10/8/2021',1,48,85,76),('10/8/2021',3,23,68,68),('10/7/2021',10,66,73,47),('10/7/2021',6,96,35,46),('10/6/2021',9,41,44,43),('10/4/2021',3,56,48,49),('10/4/2021',1,78,38,59),('10/4/2021',7,8,4,51),('10/4/2021',2,89,50,71),('10/3/2021',9,70,11,62),('10/3/2021',3,58,61,55),('10/1/2021',7,20,85,59),('10/1/2021',1,27,14,73),('10/1/2021',10,14,28,60),('10/1/2021',6,35,83,47),('10/1/2021',1,58,43,47),('9/30/2021',7,86,96,66),('9/29/2021',1,99,33,62),('9/29/2021',4,90,17,73),('9/28/2021',4,40,89,74),('9/28/2021',8,46,70,62),('9/28/2021',3,40,43,75),('9/28/2021',9,49,4,64),('9/28/2021',4,73,98,68),('9/27/2021',6,27,82,78),('9/27/2021',6,32,14,66),('9/26/2021',7,5,14,52),('9/26/2021',4,45,72,49),('9/26/2021',8,36,24,54),('9/26/2021',7,32,82,71),('9/24/2021',2,65,90,54),('9/24/2021',7,93,18,48),('9/24/2021',2,8,47,72),('9/23/2021',4,100,53,47),('9/23/2021',9,76,81,57),('9/23/2021',2,51,71,49),('9/23/2021',8,71,14,40),('9/22/2021',8,60,71,75),('9/21/2021',4,21,19,60),('9/21/2021',7,46,74,55),('9/20/2021',4,68,53,46),('9/20/2021',8,17,11,69),('9/20/2021',6,23,32,72),('9/19/2021',2,43,97,62),('9/19/2021',10,59,28,61),('9/19/2021',8,61,91,67),('9/19/2021',8,24,64,69),('9/18/2021',8,58,5,61),('9/18/2021',10,4,26,80),('9/17/2021',9,25,46,57),('9/17/2021',5,41,48,57),('9/17/2021',5,83,22,58),('9/17/2021',1,79,45,77),('9/16/2021',8,61,90,54),('9/16/2021',1,4,80,50),('9/16/2021',10,59,70,79),('9/16/2021',4,65,54,72),('9/15/2021',2,75,92,70),('9/14/2021',5,47,57,66),('9/14/2021',2,10,47,45),('9/14/2021',1,10,18,13),('9/13/2021',7,97,50,1),('9/12/2021',1,10,71,8),('9/12/2021',2,63,20,10),('9/11/2021',4,4,53,11),('9/10/2021',4,44,7,3),('9/9/2021',5,25,50,13),('9/9/2021',8,36,29,9),('9/9/2021',2,65,4,6),('9/9/2021',1,19,7,10),('9/9/2021',5,9,37,2),('9/8/2021',7,5,49,10),('9/8/2021',8,85,2,7),('9/8/2021',9,94,9,12),('9/8/2021',4,89,83,18),('9/8/2021',7,90,5,6),('9/7/2021',4,89,19,1),('9/6/2021',7,32,83,11),('9/6/2021',4,47,97,2),('9/6/2021',3,22,47,13),('9/5/2021',6,59,31,11),('9/5/2021',3,11,40,2),('9/4/2021',9,35,24,17),('9/4/2021',4,79,27,10),('9/4/2021',6,47,35,17),('9/4/2021',7,15,66,10),('9/3/2021',3,65,22,13),('9/3/2021',6,52,8,10),('9/2/2021',5,37,69,10),('9/2/2021',7,1,40,18),('9/2/2021',4,34,42,2),('8/31/2021',7,43,56,14),('8/31/2021',5,87,66,11),('8/30/2021',5,48,33,11),('8/29/2021',1,96,50,13),('8/29/2021',9,27,51,8),('8/29/2021',4,89,65,5),('8/28/2021',8,5,43,6),('8/28/2021',9,53,31,13),('8/28/2021',10,13,68,11),('8/27/2021',7,40,22,12),('8/26/2021',3,83,66,3),('8/25/2021',5,85,33,20),('8/25/2021',1,21,20,5),('8/24/2021',7,100,76,19),('8/23/2021',10,71,12,8),('8/23/2021',4,87,90,4),('8/23/2021',7,22,66,1),('8/23/2021',8,65,19,19),('8/22/2021',6,78,28,3),('8/21/2021',5,91,55,15),('8/19/2021',4,57,9,18),('8/19/2021',1,73,29,6),('8/19/2021',2,48,34,14),('8/19/2021',10,9,61,17),('8/18/2021',9,52,47,1),('8/18/2021',5,40,93,14),('8/18/2021',10,82,96,14),('8/18/2021',1,25,99,20),('8/18/2021',1,85,23,7),('8/18/2021',9,19,56,1),('8/17/2021',2,30,100,20),('8/17/2021',6,78,94,3),('8/16/2021',3,33,97,1),('8/16/2021',9,77,43,3),('8/16/2021',1,89,77,9),('8/16/2021',1,89,11,16),('8/16/2021',10,56,82,10),('8/15/2021',10,21,87,4),('8/15/2021',5,96,69,18),('8/15/2021',9,95,70,3),('8/15/2021',6,83,49,18),('8/15/2021',10,29,15,8),('8/14/2021',9,65,96,7),('8/14/2021',9,89,86,16),('8/14/2021',6,93,6,20),('8/14/2021',8,25,54,19),('8/13/2021',8,47,81,3),('8/13/2021',7,87,42,20),('8/12/2021',1,61,85,1),('8/12/2021',8,13,19,18),('8/12/2021',10,86,54,16),('8/11/2021',9,38,29,11),('8/11/2021',1,94,83,11),('8/11/2021',5,74,97,16),('8/11/2021',5,63,79,16),('8/11/2021',9,42,53,16),('8/11/2021',2,3,64,10),('8/10/2021',3,58,62,9),('8/9/2021',8,36,75,20),('8/9/2021',6,62,83,9),('8/8/2021',7,85,1,18),('8/8/2021',8,94,14,19),('8/7/2021',1,2,37,15),('8/7/2021',5,11,5,2),('8/6/2021',3,78,18,7),('8/6/2021',3,39,72,17),('8/6/2021',5,13,91,11),('8/5/2021',2,84,2,5),('8/4/2021',7,5,43,10),('8/3/2021',10,84,96,15),('8/3/2021',9,48,53,1),('8/2/2021',8,99,17,3),('8/1/2021',3,77,100,16),('8/1/2021',3,78,22,9),('8/1/2021',4,15,24,12),('8/1/2021',10,59,79,16),('8/1/2021',10,10,74,11),('8/1/2021',4,36,35,15),('8/1/2021',4,70,65,2),('7/31/2021',9,95,11,17),('7/31/2021',6,36,69,2),('7/30/2021',9,13,73,19),('7/30/2021',10,30,40,1),('7/30/2021',1,83,16,2),('7/30/2021',3,62,55,17),('7/30/2021',6,8,32,13),('7/29/2021',10,53,30,14),('7/29/2021',1,1,20,15),('7/28/2021',2,71,43,17),('7/28/2021',3,78,43,7),('7/28/2021',2,57,28,18),('7/28/2021',7,96,87,4),('7/28/2021',9,20,69,7),('7/27/2021',4,36,83,13),('7/27/2021',10,100,6,7),('7/26/2021',10,90,16,19),('7/26/2021',4,34,78,10),('7/26/2021',7,94,63,11),('7/25/2021',6,43,77,15),('7/25/2021',9,2,86,10),('7/24/2021',6,33,74,19),('7/24/2021',8,60,32,4),('7/21/2021',4,37,84,4),('7/18/2021',10,18,41,9),('11/18/2021',9,79,52,11),('11/17/2021',6,29,74,18),('11/16/2021',2,53,37,8),('11/16/2021',8,55,57,13),('7/16/2021',10,80,46,10),('7/15/2021',2,94,7,1),('7/14/2021',9,33,96,1),('7/14/2021',4,55,99,14),('7/13/2021',5,34,59,4),('7/13/2021',9,48,2,19),('7/13/2021',9,9,77,17),('7/12/2021',4,1,38,20),('7/12/2021',7,73,41,2),('7/11/2021',9,34,49,13),('7/11/2021',7,90,64,1),('7/11/2021',7,82,28,2),('7/10/2021',10,28,71,1),('7/9/2021',1,79,45,10),('7/9/2021',3,79,38,19),('7/8/2021',5,44,26,2),('7/8/2021',3,95,37,2),('7/8/2021',8,15,15,9),('7/8/2021',4,2,56,13),('7/7/2021',7,44,50,15),('7/6/2021',6,27,77,17),('7/5/2021',5,76,84,12),('7/5/2021',1,23,87,16),('7/5/2021',8,68,82,2),('7/5/2021',4,76,51,19),('7/5/2021',3,79,17,14),('7/5/2021',2,7,74,20),('7/4/2021',9,54,23,17),('7/3/2021',8,68,43,13),('7/3/2021',1,31,19,15),('7/3/2021',9,12,6,1),('7/3/2021',8,73,92,10),('7/3/2021',10,52,5,19),('7/2/2021',2,15,46,10),('6/30/2021',10,35,9,5),('6/30/2021',7,12,15,19),('6/30/2021',7,25,82,5),('6/29/2021',6,17,57,5),('6/29/2021',3,87,83,20),('6/28/2021',10,6,7,9),('6/28/2021',1,46,27,9),('6/28/2021',2,77,44,5),('6/28/2021',4,15,87,13),('6/27/2021',1,36,70,1),('6/27/2021',9,83,61,15),('6/26/2021',6,3,45,11),('6/26/2021',2,81,96,12),('6/26/2021',4,63,84,10),('6/25/2021',3,70,80,9),('6/25/2021',4,37,28,3),('6/25/2021',3,41,25,7),('6/25/2021',6,74,7,1),('6/24/2021',6,77,51,13),('6/24/2021',8,68,39,15),('6/24/2021',4,49,61,20),('6/21/2021',10,29,97,5),('6/21/2021',4,47,53,19),('6/21/2021',9,88,72,9),('6/21/2021',7,92,31,3),('6/20/2021',3,1,9,6),('6/20/2021',4,78,7,10),('6/20/2021',6,22,45,8),('6/20/2021',8,85,82,3),('6/19/2021',3,67,77,3),('6/19/2021',3,87,23,6),('6/18/2021',8,91,25,7),('6/18/2021',2,57,12,14),('6/17/2021',4,22,38,15),('6/17/2021',9,4,79,11),('6/17/2021',8,5,81,5),('6/14/2021',8,70,79,5),('6/14/2021',9,1,95,14),('6/13/2021',1,96,28,2),('6/13/2021',7,22,90,19),('6/13/2021',6,86,27,1),('6/13/2021',2,71,18,15),('6/13/2021',6,20,45,6),('6/12/2021',4,56,54,13),('6/12/2021',7,8,22,14),('6/12/2021',9,48,21,14),('6/12/2021',8,56,98,4),('6/11/2021',8,94,82,13),('6/11/2021',4,79,69,20),('6/11/2021',4,4,53,10),('6/10/2021',8,22,97,2),('6/10/2021',1,93,93,20),('6/10/2021',2,46,7,11),('6/9/2021',5,58,85,19),('6/9/2021',10,97,78,20),('6/9/2021',9,95,20,9),('6/8/2021',2,6,39,18),('6/8/2021',1,27,86,8),('6/8/2021',3,12,98,7),('6/7/2021',2,99,85,1),('6/5/2021',6,91,35,2),('6/5/2021',6,12,39,15),('6/5/2021',3,14,56,5),('6/5/2021',1,19,55,7),('6/4/2021',4,23,60,14),('6/3/2021',1,4,20,19),('6/3/2021',5,33,38,10),('6/3/2021',4,30,85,19),('6/2/2021',6,8,7,6),('6/2/2021',4,21,73,2),('6/2/2021',7,6,24,12),('6/1/2021',9,44,65,7),('6/1/2021',10,21,1,11),('5/31/2021',9,86,14,14),('5/31/2021',10,56,63,15),('5/31/2021',5,6,45,11),('5/30/2021',10,55,57,16),('5/30/2021',9,13,3,6),('5/29/2021',4,14,59,10),('5/29/2021',6,67,92,2),('5/29/2021',7,80,75,15),('5/29/2021',7,1,91,13),('5/29/2021',3,85,25,6),('5/28/2021',6,95,13,17),('5/28/2021',9,79,43,5),('5/28/2021',5,48,9,12),('5/27/2021',9,77,22,9),('5/26/2021',7,92,7,5),('5/25/2021',1,45,41,19),('5/25/2021',4,69,54,17),('5/25/2021',6,31,23,13),('5/25/2021',8,41,38,15),('5/24/2021',5,78,80,5),('5/24/2021',4,72,41,3),('5/23/2021',6,3,57,3),('5/23/2021',1,79,42,8),('5/23/2021',3,67,32,6),('5/22/2021',10,33,79,9),('5/22/2021',1,25,44,20),('5/22/2021',9,78,57,7),('5/21/2021',6,54,63,17),('5/21/2021',4,82,63,16),('5/20/2021',6,98,10,8),('5/19/2021',4,45,24,3),('5/18/2021',9,44,31,15),('5/17/2021',5,60,98,15),('5/16/2021',4,78,100,19),('5/16/2021',10,50,60,9),('5/16/2021',5,100,83,16),('5/14/2021',8,18,40,20),('5/14/2021',8,16,49,9),('5/14/2021',7,61,58,14),('5/13/2021',9,99,20,3),('5/13/2021',4,36,98,15),('5/13/2021',8,9,11,18),('5/12/2021',1,97,52,14),('5/12/2021',8,25,18,14),('5/10/2021',5,48,15,15),('5/10/2021',10,79,66,14),('5/9/2021',6,67,3,20),('5/9/2021',10,9,91,20),('5/8/2021',10,37,11,5),('5/8/2021',7,63,3,19),('5/8/2021',5,87,36,19),('5/8/2021',10,92,85,8),('5/7/2021',3,81,96,11),('5/7/2021',5,74,35,14),('5/6/2021',2,28,92,15),('5/6/2021',4,60,17,3),('5/4/2021',9,59,57,13),('5/1/2021',5,14,8,10),('4/30/2021',5,8,32,15),('4/30/2021',2,59,90,13),('4/30/2021',3,86,40,6),('4/30/2021',4,84,13,20),('4/29/2021',3,19,26,15),('4/29/2021',4,60,78,4),('4/29/2021',1,10,66,12),('4/28/2021',10,72,95,20),('4/27/2021',1,44,86,14),('4/27/2021',3,51,91,5),('4/27/2021',6,6,18,12),('4/27/2021',5,26,83,13),('4/26/2021',10,33,49,1),('4/26/2021',1,88,28,14),('4/26/2021',7,89,31,11),('4/26/2021',1,11,44,1),('4/26/2021',1,64,83,12),('4/25/2021',5,21,93,15),('4/25/2021',9,84,60,18),('4/24/2021',8,9,5,10),('4/24/2021',2,27,28,20),('4/24/2021',6,6,31,16),('4/23/2021',3,84,10,13),('4/23/2021',9,79,58,19),('4/22/2021',7,42,96,3),('4/22/2021',2,39,96,20),('4/22/2021',4,64,20,18),('4/21/2021',5,78,79,2),('4/21/2021',1,25,87,11),('4/21/2021',7,97,43,16),('4/21/2021',2,23,55,18),('4/21/2021',7,20,30,12),('4/20/2021',2,90,4,5),('4/20/2021',9,73,35,13),('4/20/2021',2,92,25,3),('4/19/2021',10,13,70,3),('4/19/2021',2,4,4,5),('4/19/2021',6,75,55,6),('4/19/2021',3,42,78,7),('4/19/2021',10,71,87,11),('4/19/2021',4,6,3,11),('4/18/2021',1,64,14,5),('4/18/2021',6,69,94,12),('4/17/2021',10,83,50,6),('4/17/2021',10,43,80,4),('4/16/2021',9,95,9,2),('4/15/2021',10,18,66,4),('4/15/2021',8,45,24,18),('4/15/2021',9,58,94,6),('4/14/2021',3,90,57,4),('4/13/2021',5,84,16,7),('4/13/2021',6,49,72,10),('4/13/2021',7,53,94,19),('4/12/2021',2,25,23,19),('4/12/2021',3,39,10,11),('4/11/2021',1,38,88,17),('4/11/2021',5,49,89,15),('4/10/2021',9,25,100,15),('4/10/2021',10,42,47,8),('4/10/2021',5,70,32,17),('4/10/2021',6,73,4,7),('4/9/2021',6,58,78,13),('4/9/2021',10,52,45,10),('4/9/2021',2,65,65,5),('4/8/2021',8,80,88,1),('4/8/2021',3,20,27,9),('4/6/2021',1,77,95,10),('4/6/2021',4,16,93,1),('4/5/2021',10,87,99,2),('4/5/2021',2,71,4,7),('4/5/2021',4,18,51,18),('4/4/2021',5,35,73,17),('4/3/2021',8,56,70,10),('4/3/2021',2,59,40,8),('4/3/2021',7,26,56,4),('4/2/2021',5,25,24,7),('4/2/2021',2,4,37,15),('4/2/2021',3,65,8,16),('4/1/2021',9,26,13,8),('4/1/2021',9,51,37,3),('3/31/2021',9,10,67,5),('3/31/2021',4,40,16,2),('3/31/2021',7,9,79,7),('3/30/2021',9,24,82,10),('3/29/2021',9,66,29,10),('3/29/2021',9,87,62,12),('3/28/2021',2,61,1,19),('3/25/2021',3,4,79,18),('3/24/2021',8,50,64,8),('3/24/2021',2,62,32,5),('3/22/2021',7,54,64,18),('3/18/2021',1,34,63,5),('3/18/2021',4,18,83,12),('3/18/2021',6,73,12,5),('3/17/2021',7,11,81,17),('3/17/2021',8,80,4,18),('3/16/2021',9,36,45,8),('3/16/2021',3,22,77,9),('3/15/2021',9,6,73,5),('3/15/2021',8,99,17,16),('3/15/2021',10,70,5,8),('3/14/2021',8,65,70,4),('3/14/2021',10,73,81,6),('3/13/2021',1,95,11,3),('3/13/2021',10,46,6,5),('3/12/2021',2,41,22,17),('3/12/2021',5,56,41,10),('3/12/2021',4,36,41,18),('3/11/2021',7,97,51,16),('3/11/2021',4,26,53,5),('3/11/2021',9,28,42,10),('3/11/2021',3,80,59,5),('3/10/2021',10,74,89,14),('3/9/2021',2,87,8,18),('3/9/2021',5,49,80,5),('3/9/2021',10,84,3,12),('3/9/2021',8,42,59,19),('3/8/2021',2,59,60,4),('3/6/2021',9,63,23,19),('3/6/2021',7,81,81,14),('3/6/2021',5,92,40,2),('3/5/2021',6,30,65,15),('3/5/2021',7,96,69,3),('3/5/2021',3,81,99,18),('3/4/2021',1,88,84,18),('3/3/2021',1,80,2,12),('3/3/2021',4,60,81,18),('3/2/2021',7,73,19,7),('3/2/2021',3,17,32,8),('3/2/2021',8,4,71,12),('3/2/2021',7,79,99,17),('3/1/2021',1,88,35,14),('3/1/2021',9,77,17,8),('2/28/2021',3,87,75,9),('2/27/2021',5,58,16,9),('2/27/2021',9,78,58,12),('2/27/2021',2,42,66,3),('2/26/2021',1,89,59,7),('2/25/2021',10,18,80,20),('2/25/2021',6,13,72,4),('2/23/2021',7,46,1,7),('2/22/2021',3,18,23,13),('2/22/2021',6,12,1,19),('2/22/2021',9,25,1,8),('2/21/2021',9,88,6,14),('2/21/2021',5,48,7,6),('2/21/2021',9,92,87,16),('2/20/2021',7,19,62,18),('2/20/2021',10,42,2,15),('2/20/2021',8,29,66,3),('2/19/2021',10,63,62,4),('2/19/2021',5,85,14,3),('2/18/2021',5,81,2,1),('2/18/2021',5,55,94,5),('2/17/2021',4,86,6,8),('2/17/2021',10,87,69,1),('2/16/2021',3,62,50,3),('2/16/2021',6,12,33,15),('2/16/2021',3,57,72,20),('2/15/2021',3,49,26,3),('2/15/2021',10,14,97,17),('2/15/2021',1,79,16,7),('2/13/2021',10,53,92,20),('2/12/2021',1,54,81,20),('2/12/2021',10,22,26,11),('2/12/2021',8,13,82,11),('2/11/2021',8,8,19,16),('2/11/2021',5,19,9,20),('2/10/2021',5,72,65,13),('2/10/2021',7,87,39,7),('2/9/2021',8,77,68,15),('2/9/2021',9,42,67,5),('2/9/2021',4,20,45,16),('2/8/2021',7,43,66,14),('2/7/2021',1,46,72,17),('2/6/2021',8,79,20,19),('2/6/2021',1,9,17,2),('2/6/2021',4,99,2,18),('2/5/2021',10,79,78,16),('2/5/2021',1,48,89,18),('2/5/2021',2,15,16,12),('2/3/2021',2,73,98,18),('2/3/2021',4,88,95,19),('2/2/2021',9,57,18,5),('2/2/2021',3,86,29,16),('2/1/2021',5,91,75,5),('2/1/2021',9,12,35,10),('2/1/2021',4,75,25,8),('2/1/2021',8,15,95,5),('1/31/2021',6,56,45,15),('1/30/2021',9,11,22,10),('1/30/2021',1,96,93,16),('1/30/2021',2,17,58,20),('1/29/2021',10,99,9,14),('1/29/2021',5,22,94,8),('1/28/2021',9,92,13,7),('1/28/2021',3,1,47,17),('1/28/2021',4,19,47,2),('1/28/2021',2,56,11,13),('1/27/2021',4,44,6,7),('1/26/2021',1,28,43,6),('1/26/2021',7,43,32,6),('1/26/2021',5,82,64,8),('1/25/2021',4,55,18,7),('1/24/2021',8,70,51,20),('1/24/2021',4,49,80,7),('1/20/2021',1,56,76,18),('1/20/2021',10,33,71,9),('1/19/2021',9,23,23,19),('1/19/2021',7,14,1,4),('1/19/2021',10,37,50,16),('1/18/2021',9,11,22,19),('1/18/2021',3,51,99,7),('1/17/2021',8,53,82,16),('1/17/2021',4,79,16,10),('1/16/2021',9,53,9,15),('1/16/2021',7,61,82,16),('1/16/2021',10,32,62,18),('1/16/2021',3,97,80,8),('1/16/2021',5,21,13,12),('1/16/2021',8,84,23,4),('1/15/2021',10,67,3,19),('1/15/2021',4,100,10,12),('1/15/2021',2,43,50,8),('1/15/2021',8,42,80,8),('1/14/2021',4,93,95,20),('1/14/2021',7,5,82,8),('1/13/2021',4,96,51,9),('1/13/2021',9,63,52,16),('1/12/2021',2,17,29,4),('1/12/2021',5,75,39,16),('1/12/2021',1,71,52,5),('1/11/2021',9,67,24,4),('1/11/2021',10,11,99,18),('1/11/2021',10,54,38,16),('1/10/2021',8,61,57,16),('1/10/2021',2,77,7,16),('1/10/2021',2,85,60,3),('1/10/2021',2,51,40,86),('1/9/2021',3,85,77,97),('1/9/2021',5,32,56,100),('1/9/2021',10,57,29,99),('1/9/2021',9,37,100,95),('1/8/2021',5,38,90,88),('1/8/2021',8,17,77,93),('1/8/2021',2,67,59,93),('1/8/2021',8,30,59,99),('1/7/2021',5,9,1,87),('1/7/2021',5,43,65,90),('1/7/2021',8,56,54,86),('1/7/2021',7,100,62,83),('1/7/2021',3,89,91,84),('1/7/2021',2,80,77,82),('1/6/2021',9,71,41,81),('1/6/2021',1,81,72,89),('1/6/2021',5,90,10,87),('1/6/2021',2,50,85,96),('1/5/2021',7,53,66,92),('1/5/2021',4,41,78,100),('1/5/2021',7,76,19,86),('1/4/2021',4,4,76,95),('1/4/2021',4,48,65,81),('1/3/2021',5,67,98,93),('1/3/2021',6,83,23,96),('1/2/2021',2,66,55,93),('1/2/2021',3,99,33,96),('1/2/2021',5,60,52,96),('1/1/2021',1,45,21,84),('1/1/2021',4,71,27,95);
/*!40000 ALTER TABLE `sales_fact_table` ENABLE KEYS */;
UNLOCK TABLES;
/*!40103 SET TIME_ZONE=@OLD_TIME_ZONE */;

/*!40101 SET SQL_MODE=@OLD_SQL_MODE */;
/*!40014 SET FOREIGN_KEY_CHECKS=@OLD_FOREIGN_KEY_CHECKS */;
/*!40014 SET UNIQUE_CHECKS=@OLD_UNIQUE_CHECKS */;
/*!40101 SET CHARACTER_SET_CLIENT=@OLD_CHARACTER_SET_CLIENT */;
/*!40101 SET CHARACTER_SET_RESULTS=@OLD_CHARACTER_SET_RESULTS */;
/*!40101 SET COLLATION_CONNECTION=@OLD_COLLATION_CONNECTION */;
/*!40111 SET SQL_NOTES=@OLD_SQL_NOTES */;

-- Dump completed on 2024-02-27 19:09:13
